ID,Title,Category,Asset Type,Provider,Asset URL,Checked
1,Cost of sequencing a full human genome,Technology & Digital,Interactive chart / data visualization,Our World in Data,https://ourworldindata.org/grapher/cost-of-sequencing-a-full-human-genome,2026-09-12
2,Historical price of computer memory and storage,Technology & Digital,Interactive chart / data visualization,Our World in Data,https://ourworldindata.org/grapher/historical-cost-of-computer-memory-and-storage,2026-09-12
3,Transistors per microprocessor,Technology & Digital,Interactive chart / data visualization,Our World in Data,https://ourworldindata.org/grapher/transistors-per-microprocessor,2026-09-12
4,Share of individuals using the Internet,Technology & Digital,Interactive chart / data visualization,Our World in Data,https://ourworldindata.org/grapher/share-of-individuals-using-the-internet,2026-09-12
5,Solar photovoltaic module prices,Technology & Digital,Interactive chart / data visualization,Our World in Data,https://ourworldindata.org/grapher/solar-pv-prices,2026-09-12
6,Active mobile money accounts,Technology & Digital,Interactive chart / data visualization,Our World in Data,https://ourworldindata.org/grapher/active-mobile-money-accounts,2026-09-12
7,ICT adoption,Technology & Digital,Interactive chart / data visualization,Our World in Data,https://ourworldindata.org/grapher/ict-adoption,2026-09-12
8,ICT adoption per 100 people,Technology & Digital,Interactive chart / data visualization,Our World in Data,https://ourworldindata.org/grapher/ict-adoption-per-100-people,2026-09-12
9,Yearly number of objects launched into outer space,Technology & Digital,Interactive chart / data visualization,Our World in Data,https://ourworldindata.org/grapher/yearly-number-of-objects-launched-into-outer-space,2026-09-12
10,Annual professional service robots installed by application area,Technology & Digital,Interactive chart / data visualization,Our World in Data,https://ourworldindata.org/grapher/annual-professional-service-robots-installed-by-area,2026-09-12
