url,page_type,source_class,expected_indexability,http_status,canonical,robots,schema_class,live_result,notes
https://citesupply.com/,public-hub,,index,200,https://citesupply.com,"index, follow",WebSite,pass,
https://citesupply.com/creator/guide,public-hub,,index,200,https://citesupply.com/creator/guide,"index, follow",WebSite,pass,
https://citesupply.com/insights,public-hub,,index,200,https://citesupply.com/insights,"index, follow",CollectionPage,pass,
https://citesupply.com/topics,public-hub,,index,200,https://citesupply.com/topics,"index, follow",CollectionPage,pass,
https://citesupply.com/topics/population-and-society,topic,,index,200,https://citesupply.com/topics/population-and-society,"index, follow",CollectionPage,pass,
https://citesupply.com/topics/economy-and-finance,topic,,index,200,https://citesupply.com/topics/economy-and-finance,"index, follow",CollectionPage,pass,
https://citesupply.com/topics/health,topic,,index,200,https://citesupply.com/topics/health,"index, follow",CollectionPage,pass,
https://citesupply.com/topics/energy-and-climate,topic,,index,200,https://citesupply.com/topics/energy-and-climate,"index, follow",CollectionPage,pass,"Technical result passed; live browser review found at least one off-topic nutrition result caused by broad full-text matching on energy."
https://citesupply.com/topics/technology-and-infrastructure,topic,,index,200,https://citesupply.com/topics/technology-and-infrastructure,"index, follow",CollectionPage,pass,
https://citesupply.com/topics/education-and-work,topic,,index,200,https://citesupply.com/topics/education-and-work,"index, follow",CollectionPage,pass,
https://citesupply.com/topics/environment-and-land,topic,,index,200,https://citesupply.com/topics/environment-and-land,"index, follow",CollectionPage,pass,
https://citesupply.com/topics/publisher-tools,topic,,index,200,https://citesupply.com/topics/publisher-tools,"index, follow",CollectionPage,pass,
https://citesupply.com/insights/internet-use-grew-at-different-speeds,insight,,index,200,https://citesupply.com/insights/internet-use-grew-at-different-speeds,"index, follow",Article,pass,
https://citesupply.com/insights/reading-eu-renewables-by-energy-use,insight,,index,200,https://citesupply.com/insights/reading-eu-renewables-by-energy-use,"index, follow",Article,pass,
https://citesupply.com/insights/what-eu-hicp-inflation-rate-means,insight,,index,200,https://citesupply.com/insights/what-eu-hicp-inflation-rate-means,"index, follow",Article,pass,
https://citesupply.com/insights/world-burned-area-across-four-land-cover-types,insight,,index,200,https://citesupply.com/insights/world-burned-area-across-four-land-cover-types,"index, follow",Article,pass,
https://citesupply.com/asset/adequacy-of-social-safety-net-programs,asset,owid,index,200,https://citesupply.com/asset/adequacy-of-social-safety-net-programs,"index, follow",CreativeWork,pass,
https://citesupply.com/asset/covid-19-testing-policy,asset,owid,index,200,https://citesupply.com/asset/covid-19-testing-policy,"index, follow",CreativeWork,pass,
https://citesupply.com/asset/estimated-destroyable-area-by-nuclear-weapons-deliverable-in-first-strike,asset,owid,index,200,https://citesupply.com/asset/estimated-destroyable-area-by-nuclear-weapons-deliverable-in-first-strike,"index, follow",CreativeWork,pass,
https://citesupply.com/asset/homelessness-rate-point-in-time-count,asset,owid,index,200,https://citesupply.com/asset/homelessness-rate-point-in-time-count,"index, follow",CreativeWork,pass,
https://citesupply.com/asset/natural-disasters-by-yearly-impact,asset,owid,index,200,https://citesupply.com/asset/natural-disasters-by-yearly-impact,"index, follow",CreativeWork,pass,
https://citesupply.com/asset/pupil-teacher-ratio-for-primary-education-by-country,asset,owid,index,200,https://citesupply.com/asset/pupil-teacher-ratio-for-primary-education-by-country,"index, follow",CreativeWork,pass,
https://citesupply.com/asset/status-in-employment,asset,owid,index,200,https://citesupply.com/asset/status-in-employment,"index, follow",CreativeWork,pass,
https://citesupply.com/asset/yield-gap-vs-nitrogen-pollution,asset,owid,index,200,https://citesupply.com/asset/yield-gap-vs-nitrogen-pollution,"index, follow",CreativeWork,pass,
https://citesupply.com/asset/eurostat-aact_eaa03,asset,eurostat,index,200,https://citesupply.com/asset/eurostat-aact_eaa03,"index, follow",Dataset,pass,
https://citesupply.com/asset/eurostat-educ_uoe_fini03,asset,eurostat,index,200,https://citesupply.com/asset/eurostat-educ_uoe_fini03,"index, follow",Dataset,pass,
https://citesupply.com/asset/eurostat-hlth_dm030,asset,eurostat,index,200,https://citesupply.com/asset/eurostat-hlth_dm030,"index, follow",Dataset,pass,
https://citesupply.com/asset/eurostat-ilc_igtp04,asset,eurostat,index,200,https://citesupply.com/asset/eurostat-ilc_igtp04,"index, follow",Dataset,pass,
https://citesupply.com/asset/eurostat-ilc_scp39,asset,eurostat,index,200,https://citesupply.com/asset/eurostat-ilc_scp39,"index, follow",Dataset,pass,
https://citesupply.com/asset/eurostat-lfso_24match08,asset,eurostat,index,200,https://citesupply.com/asset/eurostat-lfso_24match08,"index, follow",Dataset,pass,
https://citesupply.com/asset/eurostat-teicp130,asset,eurostat,index,200,https://citesupply.com/asset/eurostat-teicp130,"index, follow",Dataset,pass,
https://citesupply.com/asset/eurostat-une_rt_a,asset,eurostat,index,200,https://citesupply.com/asset/eurostat-une_rt_a,"index, follow",Dataset,pass,
https://citesupply.com/asset/worldbank-en.ghg.co2.lu.df.mt.ce.ar5,asset,worldbank,index,200,https://citesupply.com/asset/worldbank-en.ghg.co2.lu.df.mt.ce.ar5,"index, follow",Dataset,pass,
https://citesupply.com/asset/worldbank-per_allsp.avt_q2_pret_tot,asset,worldbank,index,200,https://citesupply.com/asset/worldbank-per_allsp.avt_q2_pret_tot,"index, follow",Dataset,pass,
https://citesupply.com/asset/worldbank-per_allsp.ben_q2_pret_tot,asset,worldbank,index,200,https://citesupply.com/asset/worldbank-per_allsp.ben_q2_pret_tot,"index, follow",Dataset,pass,
https://citesupply.com/asset/worldbank-per_allsp.bry_q5_pret_totmr,asset,worldbank,index,200,https://citesupply.com/asset/worldbank-per_allsp.bry_q5_pret_totmr,"index, follow",Dataset,pass,
https://citesupply.com/asset/worldbank-per_lm_ac.bry_q3_pret_totfr,asset,worldbank,index,200,https://citesupply.com/asset/worldbank-per_lm_ac.bry_q3_pret_totfr,"index, follow",Dataset,pass,
https://citesupply.com/asset/worldbank-per_lm_alllm.avt_pop_totmr,asset,worldbank,index,200,https://citesupply.com/asset/worldbank-per_lm_alllm.avt_pop_totmr,"index, follow",Dataset,pass,
https://citesupply.com/asset/worldbank-sg.vaw.npsv.1549.lt.me.zs,asset,worldbank,index,200,https://citesupply.com/asset/worldbank-sg.vaw.npsv.1549.lt.me.zs,"index, follow",Dataset,pass,
https://citesupply.com/asset/worldbank-uis.fgp.5t8.fnon500600700,asset,worldbank,index,200,https://citesupply.com/asset/worldbank-uis.fgp.5t8.fnon500600700,"index, follow",Dataset,pass,
https://citesupply.com/search?q=energy,search-control,,noindex,200,,"noindex, follow",WebSite,pass,
https://citesupply.com/submit,workflow-control,,noindex,200,,"noindex, nofollow",WebSite,pass,
https://citesupply.com/creator/dashboard,private-control,,noindex,200,,"noindex, nofollow",WebSite,pass,
https://citesupply.com/embed/worldbank-eg.elc.accs.zs,embed-control,,robots-disallowed,200,,"noindex, nofollow",WebSite,pass,"Also excluded by robots.txt; public asset page remains the canonical discovery surface."
